DROP DATABASE IF EXISTS spoiler_alert;
DROP USER IF EXISTS bronzeimus-prime;

-- MySQL Script generated by MySQL Workbench
-- Wed Feb 11 14:09:15 2026
-- Model: New Model    Version: 1.0
-- MySQL Workbench Forward Engineering

SET @OLD_UNIQUE_CHECKS=@@UNIQUE_CHECKS, UNIQUE_CHECKS=0;
SET @OLD_FOREIGN_KEY_CHECKS=@@FOREIGN_KEY_CHECKS, FOREIGN_KEY_CHECKS=0;
SET @OLD_SQL_MODE=@@SQL_MODE, SQL_MODE='ONLY_FULL_GROUP_BY,STRICT_TRANS_TABLES,NO_ZERO_IN_DATE,NO_ZERO_DATE,ERROR_FOR_DIVISION_BY_ZERO,NO_ENGINE_SUBSTITUTION';

-- -----------------------------------------------------
-- Schema spoiler_alert
-- -----------------------------------------------------

-- -----------------------------------------------------
-- Schema spoiler_alert
-- -----------------------------------------------------
CREATE SCHEMA IF NOT EXISTS `spoiler_alert` DEFAULT CHARACTER SET utf8 ;
USE `spoiler_alert` ;

-- -----------------------------------------------------
-- Table `spoiler_alert`.`User`
-- -----------------------------------------------------
CREATE TABLE IF NOT EXISTS `spoiler_alert`.`User` (
  `user_id` INT NOT NULL,
  `first_name` VARCHAR(45) NOT NULL,
  `last_name` VARCHAR(45) NOT NULL,
  `email` VARCHAR(45) NOT NULL,
  `password` VARCHAR(45) NOT NULL,
  `has_premium` TINYINT NOT NULL,
  `free_scans_left` INT NULL,
  PRIMARY KEY (`user_id`))
ENGINE = InnoDB;


-- -----------------------------------------------------
-- Table `spoiler_alert`.`Product`
-- -----------------------------------------------------
CREATE TABLE IF NOT EXISTS `spoiler_alert`.`Product` (
  `product_id` INT NOT NULL,
  `upc` BIGINT NOT NULL,
  `product_name` VARCHAR(90) NOT NULL,
  `brand` VARCHAR(45) NOT NULL,
  `image_link` VARCHAR(45) NULL,
  PRIMARY KEY (`product_id`))
ENGINE = InnoDB;


-- -----------------------------------------------------
-- Table `spoiler_alert`.`Recall`
-- -----------------------------------------------------
CREATE TABLE IF NOT EXISTS `spoiler_alert`.`Recall` (
  `recall_id` INT NOT NULL,
  `product_id` INT NOT NULL,
  `is_active` TINYINT NOT NULL,
  `description` VARCHAR(255) NOT NULL,
  `date` DATE NOT NULL,
  `company` VARCHAR(45) NOT NULL,
  `regions` VARCHAR(255) NOT NULL,
  `amount_sick` INT NOT NULL,
  `amount_dead` INT NOT NULL,
  `product_keywords` VARCHAR(45) NOT NULL,
  `classification` VARCHAR(45) NOT NULL,
  PRIMARY KEY (`recall_id`),
  INDEX `fk_Recall_Product_idx` (`product_id` ASC) VISIBLE,
  CONSTRAINT `fk_Recall_Product`
    FOREIGN KEY (`product_id`)
    REFERENCES `spoiler_alert`.`Product` (`product_id`)
    ON DELETE NO ACTION
    ON UPDATE NO ACTION)
ENGINE = InnoDB;


-- -----------------------------------------------------
-- Table `spoiler_alert`.`InventoryItem`
-- -----------------------------------------------------
CREATE TABLE IF NOT EXISTS `spoiler_alert`.`InventoryItem` (
  `item_id` INT NOT NULL,
  `product_id` INT NOT NULL,
  `user_id` INT NOT NULL,
  `date_added` DATE NOT NULL,
  `price` FLOAT NOT NULL,
  PRIMARY KEY (`item_id`),
  INDEX `fk_InventoryItem_Product1_idx` (`product_id` ASC) VISIBLE,
  INDEX `fk_InventoryItem_User1_idx` (`user_id` ASC) VISIBLE,
  CONSTRAINT `fk_InventoryItem_Product1`
    FOREIGN KEY (`product_id`)
    REFERENCES `spoiler_alert`.`Product` (`product_id`)
    ON DELETE NO ACTION
    ON UPDATE NO ACTION,
  CONSTRAINT `fk_InventoryItem_User1`
    FOREIGN KEY (`user_id`)
    REFERENCES `spoiler_alert`.`User` (`user_id`)
    ON DELETE NO ACTION
    ON UPDATE NO ACTION)
ENGINE = InnoDB;


SET SQL_MODE=@OLD_SQL_MODE;
SET FOREIGN_KEY_CHECKS=@OLD_FOREIGN_KEY_CHECKS;
SET UNIQUE_CHECKS=@OLD_UNIQUE_CHECKS;

CREATE USER 'bronzeimus-prime' IDENTIFIED BY 'zmuf8r94111';
GRANT ALL privileges ON spoiler_alert.* to 'bronzeimus-prime' WITH GRANT OPTION;
ALTER USER 'bronzeimus-prime' IDENTIFIED WITH mysql_native_password BY 'zmuf8r94111';
flush privileges;




USE spoiler_alert;

INSERT INTO User (user_id, first_name, last_name, email, password, has_premium, free_scans_left)
VALUES(0, "george", "steves", 'george@gmail.com', 'password123', true, 0);

INSERT INTO User (user_id, first_name, last_name, email, password, has_premium, free_scans_left)
VALUES(1, "Spike", "Witwicky", 'spikey@gmail.com', 'spikester2003', true, 0);

INSERT INTO User (user_id, first_name, last_name, email, password, has_premium, free_scans_left)
VALUES(2, "Miko", "Nakadai", 'nakadai@yahoo.com', 'bulkhead10132', true, 0);

INSERT INTO User (user_id, first_name, last_name, email, password, has_premium, free_scans_left)
VALUES(3, "Sōji", "Yoshikawa", 'Soshi@gmail.com', 'optimus03$', false, 13);

INSERT INTO User (user_id, first_name, last_name, email, password, has_premium, free_scans_left)
VALUES(4, "Rafael ", "Esquivel", 'Rafbee@gmail.com', 'bumble!02', true, 0);

INSERT INTO User (user_id, first_name, last_name, email, password, has_premium, free_scans_left)
VALUES(5, "Jack", "Darby", 'jaxmotors@gmail.com', 'arcee!2006', false, 5);

INSERT INTO User (user_id, first_name, last_name, email, password, has_premium, free_scans_left)
VALUES(6, "Astoria", "Carlton-Ritz", 'astoriaritz@gmail.com', 'powerglide', false, 23);


INSERT INTO Product (product_id, upc, product_name, brand)
VALUES (0, 017400106751, "Mahatma Enriched Extra Long Grain Rice - 2lbs", "Mahatma");

INSERT INTO Product (product_id, upc, product_name, brand)
VALUES (1, 030800805000, "Christmas Lifesavers Candy Canes - 12 Count 5.3OZ", "Spangler");

INSERT INTO Product (product_id, upc, product_name, brand)
VALUES (2, 078742231044, "Great Value French Roast 100% Arabica Dark Roast Ground Coffee 12 Oz", "Walmart Stores Inc");

INSERT INTO Product (product_id, upc, product_name, brand)
VALUES (3, 078742113784, "Great Value Creamy Peanut Butter 64 Oz", "Sunco Foods Inc");

INSERT INTO Product (product_id, upc, product_name, brand)
VALUES (4, 078742082752, "Great Value Chunk Light Tuna in Water 5 Oz", "Walmart Stores Inc");

INSERT INTO Product (product_id, upc, product_name, brand)
VALUES (5, 605388187161, "Half & Half", "Wal-mart Stores, Inc.");

INSERT INTO Product (product_id, upc, product_name, brand)
VALUES (6, 078742353227, "100% Grated Parmesan Cheese", "Wal-mart Stores, Inc.");



INSERT INTO Recall (recall_id, product_id, is_active, description, date, company, regions, amount_sick, amount_dead, product_keywords, classification)
VALUES (0, 3, true, "THEY PUT THE EGGS IN THE PEANUT BUTTER", '2026-2-5', "Sunco Foods Inc", "Nevada", 5000, 2000, "salmonella, peanut", "CLASS I");

INSERT INTO Recall (recall_id, product_id, is_active, description, date, company, regions, amount_sick, amount_dead, product_keywords, classification)
VALUES (1, 6, false, "Cheese was not grated enough, too course, may be a choking hazard", '2025-4-1', "Wal-mart Stores, Inc.", "Alaska", 1, 0, "choking, dairy", "CLASS III");



INSERT INTO InventoryItem (item_id, product_id, user_id, date_added, price)
VALUES (0, 1, 4, '2026-2-1', 1.50);

INSERT INTO InventoryItem (item_id, product_id, user_id, date_added, price)
VALUES (1, 3, 4, '2026-2-1', 1.50);

INSERT INTO InventoryItem (item_id, product_id, user_id, date_added, price)
VALUES (2, 0, 2, '2026-2-1', 1.50);

INSERT INTO InventoryItem (item_id, product_id, user_id, date_added, price)
VALUES (3, 1, 2, '2026-2-1', 1.50);

INSERT INTO InventoryItem (item_id, product_id, user_id, date_added, price)
VALUES (4, 6, 2, '2026-2-1', 1.50);

INSERT INTO InventoryItem (item_id, product_id, user_id, date_added, price)
VALUES (5, 2, 5, '2026-2-1', 1.50);

INSERT INTO InventoryItem (item_id, product_id, user_id, date_added, price)
VALUES (6, 5, 5, '2026-2-1', 1.50);

INSERT INTO InventoryItem (item_id, product_id, user_id, date_added, price)
VALUES (7, 0, 1, '2026-2-1', 1.50);

INSERT INTO InventoryItem (item_id, product_id, user_id, date_added, price)
VALUES (8, 4, 1, '2026-2-1', 1.50);

INSERT INTO InventoryItem (item_id, product_id, user_id, date_added, price)
VALUES (9, 6, 1, '2026-2-1', 1.50);

INSERT INTO InventoryItem (item_id, product_id, user_id, date_added, price)
VALUES (10, 1, 6, '2026-2-1', 1.50);

INSERT INTO InventoryItem (item_id, product_id, user_id, date_added, price)
VALUES (11, 2, 6, '2026-2-1', 1.50);

INSERT INTO InventoryItem (item_id, product_id, user_id, date_added, price)
VALUES (12, 5, 6, '2026-2-1', 1.50);

INSERT INTO InventoryItem (item_id, product_id, user_id, date_added, price)
VALUES (13, 3, 3, '2026-2-1', 1.50);

INSERT INTO InventoryItem (item_id, product_id, user_id, date_added, price)
VALUES (14, 3, 3, '2026-2-3', 1.50);